<org.jpokemon>
  <server>
    <port> 9001 </port>
    <webdir> web </webdir>
    <cache> no-store,no-cache,must-revalidate </cache>
    <savepath> data/save </savepath>
    <imagepath> data/image </imagepath>
    <scriptedbattlepath> data/trainer </scriptedbattlepath>
    <databasepath> data/Pokemon.db </databasepath>
    <mappath> web/resource/map </mappath>
    <time>
      <timespeed> 1 </timespeed>
    </time>
  </server>
  <player>
    <partysize> 6 </partysize>
    <boxsize> 20 </boxsize>
    <boxcount> 8 </boxcount>
  </player>
  <pokemon>
    <stat>
      <delta> 6 </delta>
      <ivmax> 32 </ivmax>
      <ivweight> 1.0 </ivweight>
      <evmax> 255 </evmax>
      <evweight> .25 </evweight>
      <totalevmax> 510 </totalevmax>
      <bonusmax> 15 </bonusmax>
      <baseweight> 2.0 </baseweight>
    </stat>
    <move>
      <movecount> 4 </movecount>
    </move>
  </pokemon>
  <battle>
    <stab> 1.5 </stab>
    <typeadvantage> 2.0 </typeadvantage>
    <typedisadvantage> 0.5 </typedisadvantage>
    <shieldturns> 5 </shieldturns>
    <reward>
      <wildxprate> 1.0 </wildxprate>
      <npcxprate> 1.3 </npcxprate>
      <gymxprate> 1.6 </gymxprate>
      <playerxprate> 0.0 </playerxprate>
      <otxprate> 1.0 </otxprate>
      <nototxprate> 1.5 </nototxprate>
    </reward>
  </battle>
</org.jpokemon>